{
  "config": {
    "smoke": false,
    "vocab": 16,
    "d_model": 32,
    "hidden": 64,
    "n_slots": 8,
    "hard_top_k": 4,
    "difficulties": [
      2,
      4,
      8,
      16
    ],
    "epochs": 60,
    "batch": 64,
    "n_train_batches": 40,
    "n_test_batches": 8,
    "lr": 0.003,
    "seed": 0,
    "chance": 0.0625
  },
  "param_counts": {
    "S5Diag": 19792,
    "RavenRSM": 42144,
    "SpikingSlotMemory": 37464
  },
  "results": {
    "S5Diag": {
      "2": {
        "acc": 0.505859375,
        "train_s": 2.171232921013143
      },
      "4": {
        "acc": 0.30859375,
        "train_s": 2.142054933006875
      },
      "8": {
        "acc": 0.208984375,
        "train_s": 2.0958373960165773
      },
      "16": {
        "acc": 0.1171875,
        "train_s": 2.121331864997046
      }
    },
    "RavenRSM": {
      "2": {
        "acc": 0.51953125,
        "train_s": 2.7718001310131513
      },
      "4": {
        "acc": 0.333984375,
        "train_s": 2.715284980018623
      },
      "8": {
        "acc": 0.216796875,
        "train_s": 3.164383976982208
      },
      "16": {
        "acc": 0.125,
        "train_s": 5.97590928999125
      }
    },
    "SpikingSlotMemory": {
      "2": {
        "acc": 0.5390625,
        "train_s": 2.2517275160062127
      },
      "4": {
        "acc": 0.29296875,
        "train_s": 2.303489701007493
      },
      "8": {
        "acc": 0.248046875,
        "train_s": 2.7130592099856585
      },
      "16": {
        "acc": 0.16015625,
        "train_s": 5.185488073009765
      }
    }
  }
}