{
  "config": {
    "smoke": false,
    "channels": 32,
    "hidden": 64,
    "n_classes": 4,
    "sample_T": 16,
    "epochs": 15,
    "pop": 64,
    "generations": 150,
    "lr": 0.005,
    "std_init": 0.1,
    "seeds": [
      0,
      1,
      2
    ],
    "precisions": [
      "nvfp4",
      "ternary"
    ]
  },
  "arms": {
    "fp32 (surrogate)": {
      "true_loss": 0.6718950271606445,
      "true_loss_std": 0.009797301565653595,
      "acc": 0.9947916666666666,
      "wall_s": 2.589139437991738
    },
    "STE-QAT @ nvfp4": {
      "true_loss": 0.6785784562428793,
      "true_loss_std": 0.006229850400249951,
      "acc": 0.9921875,
      "wall_s": 1.0970124476686276
    },
    "ES @ nvfp4": {
      "true_loss": 0.673520545164744,
      "true_loss_std": 0.0055705644180710345,
      "acc": 0.9973958333333334,
      "wall_s": 2.359174156318962
    },
    "STE-QAT @ ternary": {
      "true_loss": 0.6445396343866984,
      "true_loss_std": 0.012065522820785846,
      "acc": 0.9973958333333334,
      "wall_s": 0.9738277766640143
    },
    "ES @ ternary": {
      "true_loss": 0.6486286322275797,
      "true_loss_std": 0.004865015617881226,
      "acc": 1.0,
      "wall_s": 1.7542287706649706
    }
  },
  "ste_bias_gap": {
    "nvfp4": 0.0050579110781352465,
    "ternary": -0.004088997840881348
  },
  "wall_s": 8.773382589308312
}