{
  "config": {
    "T": 128,
    "emb": 128,
    "pop": 96,
    "gens": 300,
    "search_dim": 512,
    "eval_batches": 8,
    "prime_lr": 0.1
  },
  "arms": {
    "cmaes": {
      "test_acc": 0.10107421875,
      "train_acc": 0.12158203125,
      "fitness_curve": [
        701.3857421875,
        584.68603515625,
        561.1087646484375,
        527.85205078125,
        467.49578857421875,
        386.21636962890625,
        388.7462158203125,
        338.5718688964844,
        347.60394287109375,
        346.9415283203125,
        305.1183166503906,
        314.3636474609375,
        288.1045837402344,
        293.15142822265625,
        299.44573974609375,
        281.486328125,
        282.3179626464844,
        230.80511474609375,
        257.24517822265625,
        237.19232177734375,
        235.25115966796875,
        262.55609130859375,
        243.93719482421875,
        216.53750610351562,
        234.64874267578125,
        214.98117065429688,
        263.53924560546875,
        227.55848693847656,
        237.68272399902344,
        203.87240600585938,
        209.72250366210938,
        233.33494567871094,
        207.10665893554688,
        159.31072998046875,
        223.71270751953125,
        202.3520050048828,
        196.0214080810547,
        220.54290771484375,
        208.71731567382812,
        196.269287109375,
        189.17071533203125,
        206.27207946777344,
        189.85403442382812,
        216.28050231933594,
        186.71168518066406,
        203.56625366210938,
        189.08349609375,
        181.90219116210938,
        190.31301879882812,
        191.38320922851562,
        196.7877197265625,
        150.28395080566406,
        170.27545166015625,
        184.66806030273438,
        193.76268005371094,
        151.43324279785156,
        193.5992889404297,
        169.81390380859375,
        144.72909545898438,
        154.51840209960938,
        193.87991333007812,
        160.2700653076172,
        162.06121826171875,
        157.90582275390625,
        163.84457397460938,
        190.5725860595703,
        155.18362426757812,
        148.9463348388672,
        178.00411987304688,
        165.48733520507812,
        154.2408447265625,
        185.1422119140625,
        123.21946716308594,
        174.33741760253906,
        166.48155212402344,
        160.55221557617188,
        150.95980834960938,
        141.1942138671875,
        145.19015502929688,
        160.4573974609375,
        157.6900634765625,
        159.5636749267578,
        166.8143310546875,
        139.69259643554688,
        132.6407470703125,
        154.37213134765625,
        139.54615783691406,
        143.24945068359375,
        118.69105529785156,
        138.28237915039062,
        153.10533142089844,
        149.32452392578125,
        134.25401306152344,
        154.84634399414062,
        142.01739501953125,
        138.6975860595703,
        145.4351806640625,
        144.23655700683594,
        141.5911407470703,
        156.87466430664062,
        147.54757690429688,
        145.6802978515625,
        142.96389770507812,
        137.87704467773438,
        144.0292510986328,
        149.5100860595703,
        127.28788757324219,
        123.9225082397461,
        147.295654296875,
        143.7266082763672,
        147.34263610839844,
        139.7777099609375,
        141.27456665039062,
        151.74969482421875,
        135.78932189941406,
        134.96246337890625,
        125.59295654296875,
        130.1016387939453,
        145.98806762695312,
        133.8015594482422,
        128.53501892089844,
        126.23847198486328,
        132.95169067382812,
        122.47323608398438,
        136.25538635253906,
        137.97145080566406,
        154.25782775878906,
        134.22738647460938,
        135.0787353515625,
        137.67599487304688,
        136.0771484375,
        120.29017639160156,
        129.92469787597656,
        125.90397644042969,
        126.60010528564453,
        143.5219268798828,
        138.56869506835938,
        127.90013885498047,
        135.39247131347656,
        110.54169464111328,
        130.82858276367188,
        135.9429473876953,
        123.33435821533203,
        121.74020385742188,
        127.84976196289062,
        129.56475830078125,
        110.67547607421875,
        130.26727294921875,
        139.5294952392578,
        111.90672302246094,
        138.45184326171875,
        124.91268920898438,
        129.94493103027344,
        120.53858947753906,
        128.444091796875,
        121.330810546875,
        126.62848663330078,
        112.66006469726562,
        118.4455795288086,
        122.68317413330078,
        132.91021728515625,
        114.97853088378906,
        118.05792236328125,
        109.60641479492188,
        118.50165557861328,
        103.6446533203125,
        100.54808044433594,
        107.6889877319336,
        109.78121948242188,
        104.7378158569336,
        111.03983306884766,
        109.87142181396484,
        109.10005187988281,
        111.40032196044922,
        109.58714294433594,
        88.07722473144531,
        109.70388793945312,
        110.26376342773438,
        111.91226959228516,
        112.30895233154297,
        103.9102783203125,
        112.29383850097656,
        113.79034423828125,
        104.65902709960938,
        114.50557708740234,
        102.89028930664062,
        99.27481842041016,
        103.13980102539062,
        87.98016357421875,
        87.91802978515625,
        113.47811889648438,
        114.03018951416016,
        98.52021789550781,
        101.86447143554688,
        109.1800537109375,
        112.0132064819336,
        106.8587646484375,
        95.27153015136719,
        108.40479278564453,
        93.88211059570312,
        111.33285522460938,
        108.38713073730469,
        111.1010971069336,
        98.76654052734375,
        108.40484619140625,
        103.4129638671875,
        108.42610168457031,
        102.7122573852539,
        105.75059509277344,
        102.53827667236328,
        104.15200805664062,
        111.26544189453125,
        94.70449829101562,
        95.3001480102539,
        96.1049575805664,
        98.77936553955078,
        100.89697265625,
        104.35006713867188,
        101.28812408447266,
        103.16517639160156,
        101.41026306152344,
        106.904541015625,
        105.00143432617188,
        105.16397094726562,
        103.40690612792969,
        109.75521850585938,
        80.84934997558594,
        117.74726867675781,
        94.68711853027344,
        103.57534790039062,
        106.34542846679688,
        108.22047424316406,
        105.29304504394531,
        98.95289611816406,
        95.21590423583984,
        111.96044921875,
        101.83519744873047,
        105.57051849365234,
        98.31513977050781,
        93.64439392089844,
        99.25653076171875,
        101.97401428222656,
        99.12773132324219,
        97.98164367675781,
        100.54550170898438,
        89.53684997558594,
        95.44613647460938,
        95.81135559082031,
        89.38423156738281,
        100.88387298583984,
        88.55903625488281,
        95.38670349121094,
        86.35991668701172,
        87.07841491699219,
        97.19601440429688,
        94.29986572265625,
        88.00985717773438,
        98.29410552978516,
        97.94682312011719,
        92.4501953125,
        91.97757720947266,
        86.27945709228516,
        94.133544921875,
        81.637939453125,
        82.20824432373047,
        96.27100372314453,
        90.35923767089844,
        85.23249816894531,
        86.51423645019531,
        89.46208953857422,
        89.01171875,
        82.747802734375,
        87.63661193847656,
        84.348388671875,
        88.0635986328125,
        82.59539794921875,
        84.91407775878906,
        83.6957778930664,
        83.08819580078125,
        89.22352600097656,
        88.77828979492188,
        82.50349426269531,
